1733069130147,48,Test10Threads,200,OK,Thread Group 1-1,text,true,507,1,1,48
1733069130915,5,Test10Threads,200,OK,Thread Group 1-2,text,true,507,1,1,5
1733069131914,6,Test10Threads,200,OK,Thread Group 1-3,text,true,507,1,1,6
1733069132914,5,Test10Threads,200,OK,Thread Group 1-4,text,true,507,1,1,5
1733069133914,4,Test10Threads,200,OK,Thread Group 1-5,text,true,507,1,1,4
1733069134914,4,Test10Threads,200,OK,Thread Group 1-6,text,true,507,1,1,4
1733069135913,4,Test10Threads,200,OK,Thread Group 1-7,text,true,507,1,1,4
1733069136913,4,Test10Threads,200,OK,Thread Group 1-8,text,true,507,1,1,4
1733069137913,4,Test10Threads,200,OK,Thread Group 1-9,text,true,507,1,1,4
1733069138913,4,Test10Threads,200,OK,Thread Group 1-10,text,true,507,1,1,4
